{
  "main": {
    "id": "4af19b050ed4b3e9",
    "type": "split",
    "children": [
      {
        "id": "53f382ae3be579d4",
        "type": "tabs",
        "children": [
          {
            "id": "0bbca9ded1d74e7a",
            "type": "leaf",
            "state": {
              "type": "markdown",
              "state": {
                "file": "Hello world.md",
                "mode": "source",
                "source": false
              }
            }
          },
          {
            "id": "328f650019bcf820",
            "type": "leaf",
            "state": {
              "type": "markdown",
              "state": {
                "file": "Original Technical Document.md",
                "mode": "source",
                "source": false
              }
            }
          }
        ],
        "currentTab": 1
      }
    ],
    "direction": "vertical"
  },
  "left": {
    "id": "923860a293b4cb46",
    "type": "split",
    "children": [
      {
        "id": "2cba06e814a1b25e",
        "type": "tabs",
        "children": [
          {
            "id": "b020e12f10103bad",
            "type": "leaf",
            "state": {
              "type": "file-explorer",
              "state": {
                "sortOrder": "alphabetical"
              }
            }
          },
          {
            "id": "db665b95c1111d29",
            "type": "leaf",
            "state": {
              "type": "search",
              "state": {
                "query": "",
                "matchingCase": false,
                "explainSearch": false,
                "collapseAll": false,
                "extraContext": false,
                "sortOrder": "alphabetical"
              }
            }
          },
          {
            "id": "190c59ed4748bc07",
            "type": "leaf",
            "state": {
              "type": "starred",
              "state": {}
            }
          }
        ]
      }
    ],
    "direction": "horizontal",
    "width": 300
  },
  "right": {
    "id": "0a78657dd812eb6f",
    "type": "split",
    "children": [
      {
        "id": "cfe3f0dd74dfee7e",
        "type": "tabs",
        "children": [
          {
            "id": "8500ca43af0bfb2d",
            "type": "leaf",
            "state": {
              "type": "backlink",
              "state": {
                "file": "Original Technical Document.md",
                "collapseAll": false,
                "extraContext": false,
                "sortOrder": "alphabetical",
                "showSearch": false,
                "searchQuery": "",
                "backlinkCollapsed": false,
                "unlinkedCollapsed": true
              }
            }
          },
          {
            "id": "6b5e7f5fe614e87f",
            "type": "leaf",
            "state": {
              "type": "outgoing-link",
              "state": {
                "file": "Original Technical Document.md",
                "linksCollapsed": false,
                "unlinkedCollapsed": true
              }
            }
          },
          {
            "id": "52b76a1b61a7bf7a",
            "type": "leaf",
            "state": {
              "type": "tag",
              "state": {
                "sortOrder": "frequency",
                "useHierarchy": true
              }
            }
          },
          {
            "id": "5d42c8206ffd33a5",
            "type": "leaf",
            "state": {
              "type": "outline",
              "state": {
                "file": "Original Technical Document.md"
              }
            }
          }
        ]
      }
    ],
    "direction": "horizontal",
    "width": 300,
    "collapsed": true
  },
  "left-ribbon": {
    "hiddenItems": {
      "switcher:Open quick switcher": false,
      "graph:Open graph view": false,
      "canvas:Create new canvas": false,
      "templates:Insert template": false,
      "command-palette:Open command palette": false,
      "obsidian-markbase:Sync all Markbase projects": false
    }
  },
  "active": "b020e12f10103bad",
  "lastOpenFiles": [
    "Hello world.md",
    "Original Technical Document.md",
    "original Technical Document",
    "ARCHIVE"
  ]
}